Auto-update on Wed May 21 02:48:05 UTC 2025
Auto-update on Thu May 22 03:30:50 UTC 2025
Auto-update on Fri May 23 03:30:34 UTC 2025
Auto-update on Sat May 24 03:16:01 UTC 2025
Auto-update on Sun May 25 03:37:18 UTC 2025
Auto-update on Mon May 26 03:35:15 UTC 2025
Auto-update on Tue May 27 03:30:53 UTC 2025
Auto-update on Wed May 28 03:32:15 UTC 2025
Auto-update on Thu May 29 03:33:31 UTC 2025
Auto-update on Fri May 30 03:31:48 UTC 2025
Auto-update on Sat May 31 03:29:16 UTC 2025
Auto-update on Sun Jun  1 03:51:53 UTC 2025
Auto-update on Mon Jun  2 03:41:31 UTC 2025
Auto-update on Tue Jun  3 03:35:24 UTC 2025
Auto-update on Wed Jun  4 03:36:16 UTC 2025
Auto-update on Thu Jun  5 03:36:36 UTC 2025
Auto-update on Fri Jun  6 03:35:54 UTC 2025
Auto-update on Sat Jun  7 03:32:35 UTC 2025
Auto-update on Sun Jun  8 03:41:52 UTC 2025
Auto-update on Mon Jun  9 03:41:49 UTC 2025
Auto-update on Tue Jun 10 03:37:36 UTC 2025
Auto-update on Wed Jun 11 03:37:28 UTC 2025
Auto-update on Thu Jun 12 03:36:17 UTC 2025
Auto-update on Fri Jun 13 03:37:06 UTC 2025
Auto-update on Sat Jun 14 03:31:37 UTC 2025
Auto-update on Sun Jun 15 03:41:45 UTC 2025
Auto-update on Mon Jun 16 03:42:28 UTC 2025
Auto-update on Tue Jun 17 03:37:22 UTC 2025
Auto-update on Wed Jun 18 03:36:48 UTC 2025
Auto-update on Thu Jun 19 03:37:27 UTC 2025
Auto-update on Fri Jun 20 03:36:19 UTC 2025
Auto-update on Sat Jun 21 01:17:25 UTC 2025
Auto-update on Sun Jun 22 01:25:52 UTC 2025
Auto-update on Mon Jun 23 01:23:39 UTC 2025
Auto-update on Tue Jun 24 01:19:37 UTC 2025
Auto-update on Wed Jun 25 01:20:08 UTC 2025
Auto-update on Thu Jun 26 01:18:55 UTC 2025
Auto-update on Fri Jun 27 01:19:53 UTC 2025
Auto-update on Sat Jun 28 01:17:08 UTC 2025
Auto-update on Sun Jun 29 01:27:37 UTC 2025
Auto-update on Mon Jun 30 01:23:54 UTC 2025
Auto-update on Tue Jul  1 01:27:52 UTC 2025
Auto-update on Wed Jul  2 01:19:43 UTC 2025
Auto-update on Thu Jul  3 01:19:43 UTC 2025
Auto-update on Fri Jul  4 01:19:19 UTC 2025
Auto-update on Sat Jul  5 01:16:38 UTC 2025
Auto-update on Sun Jul  6 01:26:32 UTC 2025
Auto-update on Mon Jul  7 01:23:59 UTC 2025
Auto-update on Tue Jul  8 01:20:06 UTC 2025
Auto-update on Wed Jul  9 01:20:59 UTC 2025
Auto-update on Thu Jul 10 01:21:00 UTC 2025
Auto-update on Fri Jul 11 01:22:01 UTC 2025
Auto-update on Sat Jul 12 01:23:16 UTC 2025
Auto-update on Sun Jul 13 01:37:57 UTC 2025
Auto-update on Mon Jul 14 01:25:28 UTC 2025
Auto-update on Tue Jul 15 01:25:49 UTC 2025
Auto-update on Wed Jul 16 01:23:02 UTC 2025
Auto-update on Thu Jul 17 01:24:08 UTC 2025
Auto-update on Fri Jul 18 01:23:19 UTC 2025
Auto-update on Sat Jul 19 01:21:00 UTC 2025
Auto-update on Sun Jul 20 01:39:32 UTC 2025
Auto-update on Mon Jul 21 01:27:51 UTC 2025
Auto-update on Tue Jul 22 01:23:51 UTC 2025
Auto-update on Wed Jul 23 01:24:48 UTC 2025
Auto-update on Thu Jul 24 01:24:14 UTC 2025
Auto-update on Fri Jul 25 01:23:53 UTC 2025
Auto-update on Sat Jul 26 01:21:48 UTC 2025
Auto-update on Sun Jul 27 01:40:14 UTC 2025
Auto-update on Mon Jul 28 01:38:56 UTC 2025
Auto-update on Tue Jul 29 01:43:48 UTC 2025
Auto-update on Wed Jul 30 01:25:41 UTC 2025
Auto-update on Thu Jul 31 01:25:20 UTC 2025
Auto-update on Fri Aug  1 01:43:45 UTC 2025
Auto-update on Sat Aug  2 01:21:44 UTC 2025
Auto-update on Sun Aug  3 01:41:47 UTC 2025
Auto-update on Mon Aug  4 01:41:48 UTC 2025
Auto-update on Tue Aug  5 01:27:33 UTC 2025
Auto-update on Wed Aug  6 01:25:39 UTC 2025
Auto-update on Thu Aug  7 01:26:24 UTC 2025
Auto-update on Fri Aug  8 01:25:57 UTC 2025
Auto-update on Sat Aug  9 01:19:11 UTC 2025
Auto-update on Sun Aug 10 01:38:33 UTC 2025
Auto-update on Mon Aug 11 01:26:33 UTC 2025
Auto-update on Tue Aug 12 01:18:27 UTC 2025
Auto-update on Wed Aug 13 01:19:55 UTC 2025
Auto-update on Thu Aug 14 01:20:13 UTC 2025
Auto-update on Fri Aug 15 01:20:43 UTC 2025
Auto-update on Sat Aug 16 01:16:46 UTC 2025
Auto-update on Sun Aug 17 01:25:38 UTC 2025
Auto-update on Mon Aug 18 01:24:45 UTC 2025
Auto-update on Tue Aug 19 01:16:53 UTC 2025
Auto-update on Wed Aug 20 01:14:59 UTC 2025
Auto-update on Thu Aug 21 01:14:00 UTC 2025
Auto-update on Fri Aug 22 01:14:50 UTC 2025
Auto-update on Sat Aug 23 01:12:27 UTC 2025
Auto-update on Sun Aug 24 01:22:46 UTC 2025
Auto-update on Mon Aug 25 01:17:44 UTC 2025
Auto-update on Tue Aug 26 01:15:46 UTC 2025
Auto-update on Wed Aug 27 01:13:31 UTC 2025
Auto-update on Thu Aug 28 01:12:53 UTC 2025
Auto-update on Fri Aug 29 01:12:58 UTC 2025
Auto-update on Sat Aug 30 01:09:15 UTC 2025
Auto-update on Sun Aug 31 01:17:34 UTC 2025
Auto-update on Mon Sep  1 01:24:17 UTC 2025
Auto-update on Tue Sep  2 01:14:06 UTC 2025
Auto-update on Wed Sep  3 01:09:53 UTC 2025
Auto-update on Thu Sep  4 01:09:33 UTC 2025
Auto-update on Fri Sep  5 01:11:10 UTC 2025
Auto-update on Sat Sep  6 01:09:11 UTC 2025
Auto-update on Sun Sep  7 01:16:23 UTC 2025
Auto-update on Mon Sep  8 01:15:05 UTC 2025
Auto-update on Tue Sep  9 01:12:23 UTC 2025
Auto-update on Wed Sep 10 01:10:25 UTC 2025
Auto-update on Thu Sep 11 01:12:07 UTC 2025
Auto-update on Fri Sep 12 01:09:15 UTC 2025
Auto-update on Sat Sep 13 01:06:14 UTC 2025
Auto-update on Sun Sep 14 01:15:56 UTC 2025
Auto-update on Mon Sep 15 01:16:07 UTC 2025
Auto-update on Tue Sep 16 01:10:14 UTC 2025
Auto-update on Wed Sep 17 01:09:54 UTC 2025
Auto-update on Thu Sep 18 01:09:56 UTC 2025
Auto-update on Fri Sep 19 01:12:17 UTC 2025
Auto-update on Sat Sep 20 01:08:39 UTC 2025
Auto-update on Sun Sep 21 01:17:38 UTC 2025
Auto-update on Mon Sep 22 01:16:59 UTC 2025
Auto-update on Tue Sep 23 01:10:18 UTC 2025
Auto-update on Wed Sep 24 01:11:33 UTC 2025
Auto-update on Thu Sep 25 01:11:58 UTC 2025
Auto-update on Fri Sep 26 01:11:43 UTC 2025
Auto-update on Sat Sep 27 01:08:29 UTC 2025
Auto-update on Sun Sep 28 01:18:19 UTC 2025
Auto-update on Mon Sep 29 01:13:33 UTC 2025
Auto-update on Tue Sep 30 01:12:44 UTC 2025
Auto-update on Wed Oct  1 01:19:50 UTC 2025
Auto-update on Thu Oct  2 01:10:10 UTC 2025
Auto-update on Fri Oct  3 01:09:58 UTC 2025
Auto-update on Sat Oct  4 01:07:17 UTC 2025
Auto-update on Sun Oct  5 01:17:51 UTC 2025
Auto-update on Mon Oct  6 01:12:32 UTC 2025
Auto-update on Tue Oct  7 01:10:57 UTC 2025
Auto-update on Wed Oct  8 01:10:51 UTC 2025
Auto-update on Thu Oct  9 01:11:44 UTC 2025
Auto-update on Fri Oct 10 01:11:40 UTC 2025
Auto-update on Sat Oct 11 01:08:57 UTC 2025
Auto-update on Sun Oct 12 01:14:56 UTC 2025
Auto-update on Mon Oct 13 01:16:33 UTC 2025
Auto-update on Tue Oct 14 01:11:39 UTC 2025
Auto-update on Wed Oct 15 01:13:22 UTC 2025
Auto-update on Thu Oct 16 01:13:12 UTC 2025
Auto-update on Fri Oct 17 01:12:49 UTC 2025
Auto-update on Sat Oct 18 01:09:26 UTC 2025
Auto-update on Sun Oct 19 01:21:10 UTC 2025
Auto-update on Mon Oct 20 01:18:25 UTC 2025
Auto-update on Tue Oct 21 01:15:06 UTC 2025
Auto-update on Wed Oct 22 01:16:24 UTC 2025
Auto-update on Thu Oct 23 01:14:37 UTC 2025
Auto-update on Fri Oct 24 01:11:03 UTC 2025
Auto-update on Sat Oct 25 01:12:08 UTC 2025
Auto-update on Sun Oct 26 01:19:07 UTC 2025
Auto-update on Mon Oct 27 01:20:35 UTC 2025
Auto-update on Tue Oct 28 01:13:07 UTC 2025
Auto-update on Wed Oct 29 01:18:30 UTC 2025
Auto-update on Thu Oct 30 01:17:45 UTC 2025
Auto-update on Fri Oct 31 01:15:36 UTC 2025
Auto-update on Sat Nov  1 01:19:43 UTC 2025
Auto-update on Sun Nov  2 01:20:30 UTC 2025
Auto-update on Mon Nov  3 01:19:01 UTC 2025
Auto-update on Tue Nov  4 01:16:05 UTC 2025
Auto-update on Wed Nov  5 01:17:20 UTC 2025
Auto-update on Thu Nov  6 01:16:56 UTC 2025
Auto-update on Fri Nov  7 01:16:11 UTC 2025
Auto-update on Sat Nov  8 01:12:33 UTC 2025
Auto-update on Sun Nov  9 01:19:49 UTC 2025
Auto-update on Mon Nov 10 01:19:45 UTC 2025
Auto-update on Tue Nov 11 01:17:30 UTC 2025
Auto-update on Wed Nov 12 01:17:02 UTC 2025
Auto-update on Thu Nov 13 01:17:33 UTC 2025
Auto-update on Fri Nov 14 01:16:49 UTC 2025
Auto-update on Sat Nov 15 01:14:58 UTC 2025
Auto-update on Sun Nov 16 01:21:44 UTC 2025
Auto-update on Mon Nov 17 01:18:01 UTC 2025
Auto-update on Tue Nov 18 01:16:52 UTC 2025
Auto-update on Wed Nov 19 01:16:29 UTC 2025
Auto-update on Thu Nov 20 01:15:35 UTC 2025
Auto-update on Fri Nov 21 01:16:08 UTC 2025
Auto-update on Sat Nov 22 01:13:42 UTC 2025
Auto-update on Sun Nov 23 01:26:44 UTC 2025
Auto-update on Mon Nov 24 01:21:47 UTC 2025
Auto-update on Tue Nov 25 01:16:58 UTC 2025
Auto-update on Wed Nov 26 01:17:31 UTC 2025
Auto-update on Thu Nov 27 01:16:05 UTC 2025
Auto-update on Fri Nov 28 01:15:19 UTC 2025
Auto-update on Sat Nov 29 01:15:34 UTC 2025
Auto-update on Sun Nov 30 01:26:07 UTC 2025
Auto-update on Mon Dec  1 01:40:55 UTC 2025
Auto-update on Tue Dec  2 01:19:04 UTC 2025
Auto-update on Wed Dec  3 01:18:58 UTC 2025
Auto-update on Thu Dec  4 01:19:09 UTC 2025
Auto-update on Fri Dec  5 01:19:29 UTC 2025
Auto-update on Sat Dec  6 01:15:31 UTC 2025
Auto-update on Sun Dec  7 01:26:23 UTC 2025
Auto-update on Mon Dec  8 01:19:39 UTC 2025
Auto-update on Tue Dec  9 01:19:10 UTC 2025
Auto-update on Wed Dec 10 01:20:52 UTC 2025
Auto-update on Thu Dec 11 01:21:45 UTC 2025
Auto-update on Fri Dec 12 01:21:16 UTC 2025
Auto-update on Sat Dec 13 01:16:54 UTC 2025
Auto-update on Sun Dec 14 01:26:44 UTC 2025
Auto-update on Mon Dec 15 01:23:45 UTC 2025
Auto-update on Tue Dec 16 01:22:11 UTC 2025
Auto-update on Wed Dec 17 01:17:08 UTC 2025
Auto-update on Thu Dec 18 01:17:59 UTC 2025
Auto-update on Fri Dec 19 01:21:13 UTC 2025
Auto-update on Sat Dec 20 01:17:24 UTC 2025
Auto-update on Sun Dec 21 01:26:25 UTC 2025
Auto-update on Mon Dec 22 01:24:38 UTC 2025
Auto-update on Tue Dec 23 01:21:24 UTC 2025
Auto-update on Wed Dec 24 01:20:28 UTC 2025
Auto-update on Thu Dec 25 01:21:17 UTC 2025
Auto-update on Fri Dec 26 01:21:41 UTC 2025
Auto-update on Sat Dec 27 01:19:46 UTC 2025
Auto-update on Sun Dec 28 01:39:26 UTC 2025
Auto-update on Mon Dec 29 01:27:39 UTC 2025
Auto-update on Tue Dec 30 01:21:57 UTC 2025
Auto-update on Wed Dec 31 01:22:51 UTC 2025
Auto-update on Thu Jan  1 01:40:18 UTC 2026
Auto-update on Fri Jan  2 01:23:40 UTC 2026
Auto-update on Sat Jan  3 01:18:56 UTC 2026
Auto-update on Sun Jan  4 01:40:24 UTC 2026
Auto-update on Mon Jan  5 01:40:18 UTC 2026
Auto-update on Tue Jan  6 01:23:18 UTC 2026
Auto-update on Wed Jan  7 01:23:41 UTC 2026
Auto-update on Thu Jan  8 01:24:14 UTC 2026
Auto-update on Fri Jan  9 01:24:13 UTC 2026
Auto-update on Sat Jan 10 01:21:28 UTC 2026
Auto-update on Sun Jan 11 01:40:26 UTC 2026
Auto-update on Mon Jan 12 01:27:25 UTC 2026
